{
  "train_loss": [
    5.768098163604736,
    5.490254821777344,
    5.585676574707032,
    5.550145053863526,
    5.547105083465576,
    5.527056560516358,
    5.514356784820556,
    5.524906024932862,
    5.509761028289795,
    5.485725555419922,
    5.504328956604004
  ],
  "val_loss": [
    5.0930622816085815,
    5.278715968132019,
    5.330480217933655,
    5.313490390777588,
    5.286301136016846,
    5.252533435821533,
    5.300245046615601,
    5.297237157821655,
    5.280299544334412,
    5.281384229660034,
    5.283080458641052
  ],
  "learning_rate": [
    0.0009990232305719944,
    0.0009960967771506664,
    0.0009912321891107007,
    0.0009844486647586721,
    0.0009757729755661009,
    0.0009652393605146842,
    0.0009528893909706795,
    0.0009387718066217122,
    0.0009229423231234972,
    0.0009054634122155987,
    0.0008864040551740153
  ]
}